x,y,z,key,value
0.3683179083888316,0.5219287475113088,0.8573328076154677,Point0,1
1.7567274813803664,0.567188887183378,-1.3921065807158197,Point1,1
0.3910552444008877,-1.7983238229936627,0.8454740055522857,Point2,1
-1.7178215072792795,0.7390333920290301,-1.4842538104589884,Point3,1
-0.49885696235243154,-1.4113836389098537,0.20851034239079008,Point4,1
