x,y,z,key,value
0.5523650760485471,0.6327378753267142,0.6090798041016571,Point0,1
0.8673472971943872,0.6438036438682169,0.19730742194994663,Point1,1
0.5575233929741396,0.06545332673573463,0.6069089844741744,Point2,1
0.07909203072431065,0.6858183510593352,0.1804393594020718,Point3,1
0.35563302217815423,0.16005733254529259,0.4903092457638728,Point4,1
